,cosine,dates,format_change?,sentiment_d,date_delta
MMM,0.9929773145701232,"['2019-02-07', '2018-02-08']",0,-0.042467473642852194,3
AOS,0.9910456250364875,"['2019-02-15', '2018-02-16']",0,0.0391426506689786,3
ABT,0.9949294592655241,"['2019-02-22', '2018-02-16']",0,-0.027147058333830562,-2
ABBV,0.9956931171136268,"['2019-02-27', '2018-02-16']",0,0.03371991558647669,-5
ACN,0.9822210855016057,"['2018-10-24', '2017-10-26']",0,0.07885103633882108,4
ATVI,0.9906232988501631,"['2019-02-28', '2018-02-27']",0,0.06514514884793038,1
AYI,0.9959347604016849,"['2018-10-25', '2017-10-26']",0,-0.09002847174015288,3
ADBE,0.9828117649849594,"['2019-01-25', '2018-01-22']",0,0.047573503492535675,-1
AAP,0.96453405664477,"['2019-02-19', '2018-02-21']",0,0.019193396704108977,4
AMD,0.9797417801521585,"['2019-02-08', '2018-02-27']",0,-0.07254204442121788,15
AES,0.08501436381061361,"['2019-02-27', '2018-02-27']",1,0.0534021400007689,2
AET,0.9903610491202638,"['2018-02-23', '2017-02-17']",0,-0.06340311373614153,-2
AFL,0.07765463568077331,"['2019-02-25', '2018-02-23']",1,-0.061994762253429446,2
A,0.992243411771425,"['2018-12-20', '2017-12-21']",0,0.059398414353946626,3
APD,0.0890887521524452,"['2018-11-20', '2017-11-16']",1,0.19678474284678685,0
AKAM,0.9875833376706915,"['2019-02-28', '2018-03-01']",0,0.027274520409819415,3
ALK,0.9833890232347929,"['2019-02-15', '2018-02-15']",0,-0.028204164555151644,2
ALB,0.9923670225315786,"['2019-02-27', '2018-02-28']",0,-0.023386154676382404,3
ARE,0.9914838907688303,"['2019-02-05', '2018-01-30']",0,0.016799751643477686,-2
ALXN,0.9856644183960407,"['2019-02-06', '2018-02-08']",0,0.15204745032629347,4
ALGN,0.9840344909889248,"['2019-02-28', '2018-02-28']",0,-0.06339079767054587,2
ALLE,0.9909380888902701,"['2019-02-19', '2018-02-20']",0,0.0435142796076631,3
AGN,0.9809330598895029,"['2019-02-15', '2018-02-16']",0,0.11741663406067505,3
ADS,0.994660488368609,"['2019-02-26', '2018-02-27']",0,0.045241698212394266,3
LNT,0.9929762307404887,"['2019-02-22', '2018-02-23']",0,0.0924452310751806,3
ALL,0.9971871993261499,"['2019-02-15', '2018-02-26']",0,0.027148972110024806,9
AMZN,0.9886891791586562,"['2019-02-01', '2018-02-02']",0,-0.038914220810914675,3
AEE,0.9965700120043746,"['2019-02-26', '2018-02-28']",0,0.06926006576770825,4
AAL,0.9892262454109171,"['2019-02-25', '2018-02-21']",0,-0.05719462794194913,0
AEP,0.9954245820818503,"['2019-02-21', '2018-02-23']",0,0.0344071676351801,4
AXP,0.9835324074775278,"['2019-02-13', '2018-02-16']",0,0.006711548394305403,5
AIG,0.9972335140530454,"['2019-02-15', '2018-02-16']",0,0.021825371303346833,3
AMT,0.9919533220839988,"['2019-02-27', '2018-02-28']",0,0.04711395156401112,3
AWK,0.9878979248054817,"['2019-02-19', '2018-02-20']",0,0.01051273666684661,3
AMP,0.07910931671201088,"['2019-02-27', '2018-02-23']",1,-0.0035968815819156295,0
ABC,0.9869842207264212,"['2018-11-20', '2017-11-21']",0,0.09541024692592709,3
AME,0.9905450367605918,"['2019-02-21', '2018-02-22']",0,0.0454879302475364,3
AMGN,0.990088049964412,"['2019-02-13', '2018-02-13']",0,0.03927025898541329,2
APH,0.9901579728943891,"['2019-02-13', '2018-02-21']",0,-0.0891093796513649,8
APC,0.9810144256166169,"['2019-02-14', '2018-02-15']",0,-0.030953424466885374,3
ADI,0.9801308739579806,"['2018-11-27', '2017-11-22']",0,-0.013951672370604044,-1
ANDV,0.8470541894059416,"['2018-02-21', '2017-02-21']",0,0.2196599015041211,2
ANSS,0.9898155350662455,"['2019-02-28', '2018-02-22']",0,0.037183675741739725,-2
ANTM,0.9936806551984328,"['2019-02-20', '2018-02-21']",0,-0.03940935327239211,3
AON,0.992380118799694,"['2019-02-19', '2018-02-20']",0,0.06154120246837995,3
APA,0.9863667421711387,"['2019-03-01', '2018-02-23']",0,-0.08194027692784686,-2
AIV,0.9939692378763854,"['2019-02-20', '2018-03-01']",0,-0.052461932441660905,9
AAPL,0.9942269822326983,"['2018-11-05', '2017-11-03']",0,0.0465189958985787,2
AMAT,0.9956582727967839,"['2018-12-13', '2017-12-15']",0,-0.011722702265621584,4
APTV,0.9956801502710453,"['2019-02-04', '2018-02-05']",0,0.04291969161750277,3
ADM,0.9882452078829251,"['2019-02-19', '2018-02-16']",0,0.06113335343223121,1
ARNC,0.9877792066198836,"['2019-02-21', '2018-02-26']",0,-0.06180604431735501,5
AJG,0.9944293676814372,"['2019-02-08', '2018-02-12']",0,0.036389169134014944,4
AIZ,1.0000000000000027,"['2019-02-22', '2018-02-14']",0,0.0,-4
T,0.9173549550691671,"['2019-02-20', '2018-02-20']",0,0.03576356760154222,2
ADSK,1.0000000000000027,"['2019-03-25', '2018-03-22']",0,0.0,1
ADP,0.982617186052603,"['2019-08-09', '2018-08-03']",0,0.11665356898733326,-2
AZO,0.9857001071039095,"['2018-10-24', '2017-10-25']",0,-0.03543264809398782,3
AVY,0.9912875391697694,"['2019-02-27', '2018-02-21']",0,0.0960194080010341,-2
BHGE,0.9896157187553489,"['2019-02-19', '2018-02-23']",0,-0.007596118104012392,6
BLL,0.9918638400009545,"['2019-02-22', '2018-03-01']",0,-0.07436188187964769,7
BAC,0.0787381306496147,"['2019-02-26', '2018-02-22']",1,-0.1679537721652555,0
BAX,0.9949368378211664,"['2019-02-21', '2018-02-23']",0,0.10521583917731157,4
BBT,0.9853052441420356,"['2019-02-26', '2018-02-21']",0,-0.03673565981166798,-1
BDX,0.9798652499959362,"['2018-11-21', '2017-11-22']",0,-0.03857249089592708,3
BBY,0.9828862266233391,"['2019-03-28', '2018-04-02']",0,0.05800297598375264,5
BIIB,0.9895127764744126,"['2019-02-06', '2018-02-01']",0,-0.0961460355782503,-1
BLK,0.9939937810113062,"['2019-02-28', '2018-02-28']",0,0.08427407568125583,2
HRB,0.9913210867146581,"['2019-06-14', '2018-06-15']",0,0.0013663974603689035,3
BA,0.0916551185079325,"['2019-02-08', '2018-02-12']",1,0.20179779409333648,4
BKNG,0.9838223983327901,"['2019-02-27', '2018-02-27']",0,0.007907697360345332,2
BXP,0.9949260439650658,"['2019-02-28', '2018-02-28']",0,0.04856945901224667,2
BSX,0.9868638391884471,"['2019-02-19', '2018-02-20']",0,-0.07050394264575408,3
BHF,0.9823125104966354,"['2019-02-26', '2018-03-16']",0,0.013173692489697806,16
BMY,0.9850556770915807,"['2019-02-25', '2018-02-13']",0,-0.06383324681553203,-6
CHRW,0.9822759552420952,"['2019-02-25', '2018-02-28']",0,0.022903483866637802,5
CA,0.9896426788395046,"['2018-05-09', '2017-05-12']",0,0.06326081734513488,5
COG,0.9926119393884594,"['2019-02-26', '2018-03-02']",0,0.16651722033514302,6
CDNS,0.9868872731854285,"['2019-02-27', '2018-02-20']",0,-0.04349220268737218,-3
CPB,0.9660585027009577,"['2019-09-26', '2018-09-27']",0,0.03363281665234191,3
COF,0.08247439934458353,"['2019-02-20', '2018-02-21']",1,-0.056870439423327354,3
CAH,0.9936715413415357,"['2019-08-20', '2018-08-22']",0,-0.11171878311496145,4
KMX,0.994966467353589,"['2019-04-19', '2018-04-24']",0,-0.01906089271322888,5
CCL,0.9805743922870999,"['2019-01-28', '2018-01-29']",0,0.12695781048224425,3
CAT,0.9953592964125005,"['2019-02-14', '2018-02-15']",0,0.011329168202603903,3
CBOE,0.9952193081705718,"['2019-02-22', '2018-02-22']",0,-0.052534437403808004,2
CBRE,0.9882648045656511,"['2019-03-01', '2018-03-01']",0,0.02832526918512385,2
CBS,0.06940490912728557,"['2019-02-15', '2018-02-20']",1,0.6137613412716972,5
CNC,0.9867169492493495,"['2019-02-19', '2018-02-20']",0,-0.02895448411164139,3
CNP,0.9394454402120125,"['2019-02-28', '2018-02-22']",0,-0.226800651300767,-2
CTL,0.9830897238708938,"['2019-03-11', '2018-03-01']",0,0.0019175493198984972,-4
CERN,0.9907518551331251,"['2019-02-08', '2018-02-12']",0,0.004363064317998557,4
CF,0.9924135839467555,"['2019-02-22', '2018-02-22']",0,-0.06705536758896875,2
SCHW,0.9918224415714626,"['2019-02-22', '2018-02-22']",0,-0.05985969111218259,2
CHTR,0.9923916566845521,"['2019-01-31', '2018-02-02']",0,-0.06078528326077323,4
CVX,0.9965268745138671,"['2019-02-22', '2018-02-22']",0,0.6143259765444261,2
CMG,0.9802632456515199,"['2019-02-08', '2018-02-08']",0,0.012107543681619619,2
CB,0.9961100538511016,"['2019-02-28', '2018-02-23']",0,0.013486413133866561,-1
CHD,0.9947645851332731,"['2019-02-21', '2018-02-23']",0,0.007469756726340333,4
XEC,0.9906539986087488,"['2019-02-20', '2018-02-23']",0,0.0019534441027637475,5
CINF,0.9984324513968412,"['2019-02-22', '2018-02-23']",0,-0.021965568696208342,3
CTAS,0.9884250020914537,"['2019-07-26', '2018-07-27']",0,0.03052725641435397,3
CSCO,0.9855008188334167,"['2019-09-05', '2018-09-06']",0,0.07309764221116419,3
C,0.9961514418706531,"['2019-02-22', '2018-02-23']",0,0.0423189165640285,3
CFG,0.3068905097111282,"['2019-02-21', '2018-03-01']",0,0.339041052436254,8
CTXS,0.9901300506671572,"['2019-02-15', '2018-02-16']",0,0.0359993336689282,3
CME,0.9844167460465079,"['2019-02-28', '2018-03-01']",0,0.018826213285483964,3
CMS,0.9951315258045741,"['2019-02-05', '2018-02-14']",0,0.12206953708263099,9
KO,0.9960565771742741,"['2019-02-21', '2018-02-23']",0,0.02014805901733053,4
CTSH,0.9690918446472228,"['2019-02-19', '2018-02-27']",0,0.09897492645058016,8
CL,0.9919530176471348,"['2019-02-21', '2018-02-21']",0,-0.031087488975809537,2
CMCSA,0.9811448026810969,"['2019-01-31', '2018-01-31']",0,-0.06265605146865,2
CMA,0.9946063736129788,"['2019-02-12', '2018-02-15']",0,-0.04861139332921454,5
CAG,0.9829628884184024,"['2019-07-19', '2018-07-20']",0,-0.0927036703365423,3
CXO,0.9909155724994754,"['2019-02-20', '2018-02-21']",0,0.11170568643019814,3
COP,0.9935302869072464,"['2019-02-19', '2018-02-20']",0,-0.0783861193063989,3
ED,0.9950648906007722,"['2019-02-21', '2018-02-15']",0,-0.04693809199825581,-2
STZ,0.9807493018458803,"['2019-04-23', '2018-04-23']",0,0.12227155656066975,2
GLW,0.9916577285199171,"['2019-02-12', '2018-02-15']",0,0.09694551216853298,5
COST,0.9716731125718748,"['2018-10-26', '2017-10-18']",0,-0.06851958655481026,-4
COTY,0.09076389814810505,"['2019-08-28', '2018-08-21']",1,0.2564540668132028,-3
CCI,0.9837790594584868,"['2019-02-25', '2018-02-26']",0,0.5118714012662844,3
CSRA,0.9574979784088422,"['2017-05-25', '2016-05-27']",0,-0.01828296226708162,4
CSX,0.9953131438985616,"['2019-02-06', '2018-02-07']",0,-0.061806829288956165,3
CMI,1.0000000000000027,"['2019-02-11', '2018-02-14']",0,0.0,5
CVS,0.8426679330926578,"['2019-02-28', '2018-02-14']",0,-0.011852822109162435,-8
DHI,0.9851782781687815,"['2018-11-16', '2017-11-15']",0,-0.04867473517542196,1
DHR,0.9932158700233846,"['2019-02-21', '2018-02-21']",0,0.042323043608457345,2
DRI,0.09414351277078073,"['2019-07-19', '2018-07-20']",1,-0.00010418137452709503,3
DVA,0.08465246287820427,"['2019-02-22', '2018-02-23']",1,0.5864516482739789,3
DE,0.9957006250193163,"['2018-12-17', '2017-12-18']",0,0.07717527824929464,3
DAL,1.0000000000000027,"['2019-02-15', '2018-02-23']",0,0.0,8
XRAY,0.08262564247690042,"['2019-03-08', '2018-03-15']",1,-0.056678309293027966,7
DVN,0.08248860846107801,"['2019-02-20', '2018-02-21']",1,0.4861942004073023,3
DLR,0.9964676000204737,"['2019-02-25', '2018-03-01']",0,-0.013432956897326797,6
DFS,0.9967890892123917,"['2019-02-20', '2018-02-21']",0,0.043846102585204896,3
DISCA,0.98363348558737,"['2019-03-01', '2018-02-28']",0,0.1139755215764132,1
DISCK,0.98363348558737,"['2019-03-01', '2018-02-28']",0,0.1139755215764132,1
DISH,0.9941713000225562,"['2019-02-13', '2018-02-21']",0,-0.012986098056450422,8
DG,0.9940086846291792,"['2019-03-22', '2018-03-23']",0,0.001113862053650684,3
DLTR,0.941847358937709,"['2019-03-27', '2018-03-26']",0,-0.12445121073078262,1
D,0.9940283813913587,"['2019-02-28', '2018-02-27']",0,0.0009282420405373276,1
DOV,0.08502420671103691,"['2019-02-15', '2018-02-16']",1,0.21112033207137826,3
DTE,0.9984558442402595,"['2019-02-07', '2018-02-16']",0,0.04492150956895675,9
DUK,0.9886854840634883,"['2019-02-28', '2018-02-23']",0,0.05108487121839855,-1
DRE,0.9973014945440463,"['2019-02-22', '2018-02-16']",0,-0.07736906726643199,-2
DXC,0.9816833868856212,"['2019-06-13', '2018-05-29']",0,-0.12151678322812437,-9
EMN,0.9928836613396862,"['2019-02-27', '2018-03-01']",0,0.009884430315651631,4
ETN,0.9902376787529811,"['2019-02-27', '2018-02-28']",0,0.0945896095318512,3
EBAY,1.0000000000000027,"['2019-01-30', '2018-02-05']",0,0.0,6
ECL,0.9915293506841859,"['2019-03-01', '2018-02-23']",0,0.029257984770765893,-2
EIX,0.9904669638790699,"['2019-02-28', '2018-02-22']",0,0.0736839549087333,-2
EW,0.9941561823254822,"['2019-02-15', '2018-02-16']",0,0.022279099306511466,3
EA,0.979463868203966,"['2019-05-24', '2018-05-23']",0,0.046406484037366164,1
EMR,0.986903153149817,"['2018-11-19', '2017-11-20']",0,0.38795567484177823,3
ETR,0.9971173802197514,"['2019-02-26', '2018-02-26']",0,0.07703346163199998,2
EOG,0.9969810310779198,"['2019-02-26', '2018-02-27']",0,-0.24830043509077016,3
EFX,0.9885892072037087,"['2019-02-21', '2018-03-01']",0,-0.020737793214691866,8
EQIX,0.9909269055982068,"['2019-02-22', '2018-02-26']",0,-0.061717955752261154,4
EQR,0.996948454867719,"['2019-02-21', '2018-02-22']",0,0.08474518517833952,3
ESS,0.9976811174588848,"['2019-02-21', '2018-02-22']",0,-0.06786900970860417,3
EL,0.9915398023056535,"['2019-08-23', '2018-08-24']",0,0.011347215132212766,3
RE,0.9982784509889627,"['2019-03-01', '2018-03-01']",0,0.04793237366449279,2
ES,0.9934270659223076,"['2019-02-26', '2018-02-26']",0,0.11592249455605065,2
EXC,0.9922430176727906,"['2019-02-08', '2018-02-09']",0,-0.09494955521209564,3
EXPD,0.9955952170961331,"['2019-02-22', '2018-02-23']",0,0.043334970848765454,3
ESRX,0.9793201942003823,"['2018-02-27', '2017-02-14']",0,-0.1857512889606786,-7
EXR,0.9967164507580416,"['2019-02-26', '2018-03-01']",0,0.04329345723720031,5
XOM,0.9962099873196111,"['2019-02-27', '2018-02-28']",0,-0.1813611102900449,3
FFIV,0.9918957389175719,"['2018-11-21', '2017-11-03']",0,-0.02625635786077169,-10
FB,0.9906709263671173,"['2019-01-31', '2018-02-01']",0,-0.11415568789460712,3
FAST,0.9923335077860158,"['2019-02-06', '2018-02-05']",0,-0.010538379069691767,1
FRT,0.994102537009322,"['2019-02-13', '2018-02-13']",0,0.03533888414124209,2
FIS,0.983483655621661,"['2019-02-21', '2018-02-22']",0,0.1587668422475323,3
FITB,0.9955453307129993,"['2019-03-01', '2018-02-28']",0,0.011267464924114642,1
FISV,0.9638730463962863,"['2019-02-21', '2018-02-22']",0,0.08275050921587664,3
FLIR,0.9793462769495473,"['2019-02-28', '2018-02-23']",0,0.004337359830867185,-1
FLR,0.993022617028081,"['2019-02-21', '2018-02-20']",0,-0.07190800548309591,1
FMC,0.9873089612021865,"['2019-02-28', '2018-02-28']",0,-0.02892005562397924,2
FL,0.9874899353950984,"['2019-04-02', '2018-03-29']",0,0.05335013621213781,0
F,0.36269333792122,"['2019-02-21', '2018-03-28']",0,0.16679940599020374,27
FTV,0.09334324333206272,"['2019-02-28', '2018-02-28']",1,0.23011287141850106,2
FBHS,0.9901762914691058,"['2019-02-25', '2018-02-28']",0,0.03265955464601239,5
BEN,0.9834086255314543,"['2018-11-09', '2017-11-13']",0,-0.0627863369681671,4
FCX,0.9922609636002958,"['2019-02-15', '2018-02-20']",0,0.1429235538715568,5
GPS,0.9864131697541151,"['2019-03-19', '2018-03-20']",0,0.06451476793008315,3
GRMN,0.9935469016230417,"['2019-02-20', '2018-02-21']",0,0.041858817308328286,3
IT,0.9816487278999324,"['2019-02-22', '2018-02-22']",0,-0.05322425774034704,2
GD,0.9586746262114573,"['2019-02-13', '2018-02-12']",0,0.1610232389704772,1
GE,0.9877321563930938,"['2019-02-26', '2018-02-23']",0,-0.0914812027097666,1
GIS,0.9899324963658857,"['2019-06-28', '2018-06-29']",0,0.17006019659068988,3
GM,0.9829138543325465,"['2019-02-06', '2018-02-06']",0,-0.08284109605451297,2
GPN,0.9911027235641914,"['2019-02-21', '2018-02-23']",0,-0.02489515002759508,4
GS,0.9957783650129342,"['2019-02-26', '2018-02-26']",0,-0.03688825986713294,2
GT,0.9959419620211613,"['2019-02-08', '2018-02-08']",0,-0.0039043980851323455,2
GWW,0.9803100516503159,"['2019-02-28', '2018-02-26']",0,-0.012015160687431258,0
HAL,0.10471040937554234,"['2019-02-13', '2018-02-09']",1,0.36785727293069187,0
HBI,0.9895987066954005,"['2019-02-11', '2018-02-09']",0,0.04927631550826067,2
HOG,0.9951099871663841,"['2019-02-28', '2018-02-21']",0,0.010214634007642666,-3
HIG,0.07458812529222632,"['2019-02-22', '2018-02-23']",1,0.0720002623959165,3
HAS,0.9887510645387207,"['2019-02-26', '2018-02-26']",0,0.04917102327752789,2
HCA,0.9861097033094165,"['2019-02-21', '2018-02-23']",0,0.4986412042424464,4
HCP,0.991532418015367,"['2019-02-14', '2018-02-13']",0,-0.06662644611723904,1
HP,0.8703393232003389,"['2018-11-16', '2017-11-22']",0,0.1819952038818601,6
HSIC,0.9844135790851601,"['2019-02-20', '2018-02-21']",0,-0.11351662817584156,3
HES,0.9908589775138887,"['2019-02-21', '2018-02-21']",0,-0.04105442018809942,2
HPE,0.9889027312399291,"['2018-12-12', '2017-12-15']",0,0.13577435515090644,5
HLT,0.989985598803423,"['2019-02-13', '2018-02-14']",0,0.028575784274340394,3
HOLX,0.9915123896892408,"['2018-11-20', '2017-11-21']",0,0.006466012171240697,3
HD,0.9892568229604068,"['2019-03-28', '2018-03-22']",0,0.026729251711252806,-2
HON,0.9862254819986547,"['2019-02-08', '2018-02-09']",0,0.295465255996776,3
HRL,0.7097454412090208,"['2018-12-07', '2017-12-20']",0,1.3928224910328122,11
HST,0.9956473066858927,"['2019-02-26', '2018-02-27']",0,0.05116685173900546,3
HPQ,0.9932980088776664,"['2018-12-13', '2017-12-15']",0,0.05798165402075167,4
HUM,0.9900877393046831,"['2019-02-21', '2018-02-16']",0,0.0355426561236559,-1
HBAN,0.9931430781199526,"['2019-02-15', '2018-02-16']",0,-0.05724331836164375,3
HII,0.9852272703140003,"['2019-02-14', '2018-02-15']",0,0.0728573286823643,3
IDXX,0.9894851192646924,"['2019-02-15', '2018-02-16']",0,-0.137019497775725,3
INFO,0.9916922661105481,"['2019-01-18', '2018-01-23']",0,-0.02650663171363275,5
ITW,0.9927024149819763,"['2019-02-15', '2018-02-15']",0,0.0779093718284193,2
ILMN,0.9865134194093147,"['2019-02-12', '2018-02-13']",0,-0.048242366737342224,3
INCY,0.9925698309176665,"['2019-02-14', '2018-02-15']",0,-0.086188206902955,3
IR,0.9925751760171884,"['2019-02-12', '2018-02-12']",0,0.09633143762279296,2
INTC,0.9797473401111875,"['2019-02-01', '2018-02-16']",0,0.17973642167701784,13
ICE,0.9728308394809189,"['2019-02-07', '2018-02-07']",0,-0.05521478586212822,2
IBM,0.9872611834432685,"['2019-02-26', '2018-02-27']",0,-0.10844367580957866,3
IP,0.9937348067696263,"['2019-02-20', '2018-02-22']",0,-0.04584439560335013,4
IPG,0.9756428488199402,"['2019-02-25', '2018-02-26']",0,-0.01683473945428808,3
IFF,0.959076308255121,"['2019-02-26', '2018-02-27']",0,-0.04522711959923365,3
INTU,1.0000000000000027,"['2019-08-30', '2018-08-31']",0,0.0,3
ISRG,0.9878517716545946,"['2019-02-04', '2018-02-02']",0,-0.029547065822655833,2
IVZ,0.994078283415207,"['2019-02-22', '2018-02-23']",0,0.01698349462094627,3
IPGP,0.09176302206724482,"['2019-02-27', '2018-02-28']",1,0.07413970879227003,3
IQV,0.9893799021033687,"['2019-02-19', '2018-02-16']",0,-0.0037639131243434815,1
IRM,0.9910812013157795,"['2019-02-14', '2018-02-16']",0,-0.06799935532504808,4
JBHT,0.989636511551646,"['2019-02-22', '2018-02-23']",0,-0.12215141819131846,3
JEC,0.9739786273404867,"['2018-11-21', '2017-11-21']",0,-0.04124806137127107,2
SJM,0.7388248205172915,"['2019-06-17', '2018-06-18']",0,-0.08116799209409253,3
JNJ,0.9914816900234203,"['2019-02-20', '2018-02-21']",0,-0.04579825725823584,3
JCI,0.9948014838944998,"['2018-11-20', '2017-11-21']",0,0.06153942836590597,3
JPM,0.07724564147434902,"['2019-02-26', '2018-02-27']",1,0.7383641933663665,3
JNPR,0.9925687295874642,"['2019-02-22', '2018-02-23']",0,0.0017448781630985954,3
KSU,0.9944331243895194,"['2019-01-25', '2018-01-26']",0,0.2811025529454296,3
K,0.9838240101552529,"['2019-02-25', '2018-02-20']",0,-0.00649353017790808,-1
KEY,0.0837367867188233,"['2019-02-25', '2018-02-26']",1,-0.18020745298840954,3
KMB,0.9945427158550542,"['2019-02-07', '2018-02-08']",0,-0.030077058212174785,3
KIM,0.9954454150290192,"['2019-02-15', '2018-02-23']",0,0.0633131285709247,8
KMI,0.9892570260288895,"['2019-02-08', '2018-02-09']",0,-0.07723423749464366,3
KLAC,0.9459564214019602,"['2019-08-16', '2018-08-06']",0,0.10110133732112275,-6
KSS,0.983135824719667,"['2019-03-22', '2018-03-23']",0,-0.09944108471402237,3
KR,0.31352892608798416,"['2019-04-02', '2018-04-18']",0,-0.48935382182488557,14
LB,0.9920740697338494,"['2019-03-22', '2018-03-23']",0,-0.04112456084253843,3
LH,0.9932057784112044,"['2019-02-28', '2018-02-27']",0,-0.04992600352218421,1
LRCX,0.0906515351902842,"['2019-08-20', '2018-08-14']",1,0.036890103209365546,-2
LEG,0.9833399327473547,"['2019-02-27', '2018-02-22']",0,-0.0666343688822371,-1
LEN,0.06044763617410351,"['2019-01-28', '2018-01-25']",1,0.01059957153234444,1
LLY,0.9865333958325545,"['2019-02-19', '2018-02-20']",0,0.007163791535833355,3
LNC,0.9970916860820764,"['2019-02-20', '2018-02-22']",0,-0.005315501445152345,4
LKQ,0.9876986795854347,"['2019-03-01', '2018-02-28']",0,0.09263804099446615,1
LMT,0.918116400943224,"['2019-02-08', '2018-02-16']",0,-0.06691028577526507,8
L,0.9886570066113308,"['2019-02-13', '2018-02-15']",0,-0.007966869242761578,4
LOW,0.9841321378603444,"['2019-04-02', '2018-04-02']",0,-0.02136798500938321,2
LYB,0.9926034558340151,"['2019-02-21', '2018-02-22']",0,0.18304999921511655,3
MTB,0.9962125168717045,"['2019-02-20', '2018-02-22']",0,0.02121381319377518,4
M,0.9918052132508427,"['2019-04-03', '2018-04-04']",0,-0.07028139426208886,3
MRO,0.9938685886827399,"['2019-02-21', '2018-02-22']",0,0.1381974261008678,3
MPC,0.9587503034229422,"['2019-02-28', '2018-02-28']",0,-0.2302782314122694,2
MAR,0.9762447169301691,"['2019-03-01', '2018-02-15']",0,-0.11440161231961625,-8
MMC,0.9919832272408732,"['2019-02-21', '2018-02-22']",0,0.026316510785295923,3
MAS,0.9909334513175947,"['2019-02-07', '2018-02-08']",0,-0.11086732626108897,3
MA,0.993142969635042,"['2019-02-13', '2018-02-14']",0,0.008576646042260577,3
MAT,0.9932839904328115,"['2019-02-22', '2018-02-27']",0,0.018063131469024944,5
MKC,0.9021758601539002,"['2019-01-25', '2018-02-02']",0,-0.2008271930850169,8
MCD,1.0000000000000027,"['2019-02-22', '2018-02-23']",0,0.0,3
MCK,0.9894355056450014,"['2019-05-15', '2018-05-24']",0,-0.0800453930697712,9
MDT,0.08478218958712924,"['2019-06-21', '2018-06-22']",1,-0.004505654845122692,3
MRK,0.9904968571708179,"['2019-02-27', '2018-02-27']",0,0.07410089395936266,2
MET,0.9965731985357522,"['2019-02-22', '2018-03-01']",0,0.01852385965621491,7
MTD,0.9967094335251766,"['2019-02-08', '2018-02-09']",0,0.008814735706186268,3
MGM,0.9888560222755883,"['2019-02-27', '2018-03-01']",0,-0.002336669818188169,4
MCHP,0.08020086676707654,"['2019-05-30', '2018-05-18']",1,0.15091837430560726,-6
MU,0.9689125121237595,"['2018-10-15', '2017-10-26']",0,0.14061161528323893,11
MSFT,0.9914542640808081,"['2019-08-01', '2018-08-03']",0,0.03152800927065347,4
MAA,0.9911861364672098,"['2019-02-21', '2018-02-23']",0,-0.022961612373151124,4
MHK,0.99328254006083,"['2019-02-28', '2018-02-28']",0,0.08611658800459619,2
TAP,0.9906157022430054,"['2019-02-12', '2018-02-14']",0,-0.03376143736459456,4
MDLZ,0.08719216944516454,"['2019-02-08', '2018-02-09']",1,0.09645599480755278,3
MON,0.9939779570925628,"['2017-10-27', '2016-10-19']",0,-0.029091650827029303,-4
MNST,0.9899255716635321,"['2019-02-28', '2018-03-01']",0,-0.08706399336044407,3
MCO,0.9921539434923784,"['2019-02-25', '2018-02-27']",0,-0.0372585534823713,4
MS,0.9961378101069722,"['2019-02-26', '2018-02-27']",0,-0.01678711296420369,3
MSI,0.9808173229264293,"['2019-02-15', '2018-02-16']",0,-0.0584098672804192,3
NDAQ,0.9881680295677145,"['2019-02-22', '2018-02-28']",0,-0.007647448122817398,6
NOV,0.9819553126597709,"['2019-02-14', '2018-02-16']",0,-0.10431245051550872,4
NAVI,0.9922897155346092,"['2019-02-26', '2018-02-26']",0,0.01798312061782408,2
NKTR,0.9855145252362582,"['2019-03-01', '2018-03-01']",0,0.07688992712104194,2
NTAP,0.9920750905526945,"['2019-06-18', '2018-06-19']",0,0.046180222318983846,3
NWL,0.9873577068739934,"['2019-03-04', '2018-03-01']",0,0.12096470075696739,1
NFX,0.9804125092734446,"['2018-02-20', '2017-02-21']",0,-0.003138167421462363,3
NEM,0.9929777072995656,"['2019-02-21', '2018-02-22']",0,-0.15281927739593837,3
NWSA,0.9902313403687273,"['2019-08-13', '2018-08-15']",0,0.05277002440353097,4
NWS,0.9902313403687273,"['2019-08-13', '2018-08-15']",0,0.05277002440353097,4
NEE,0.9966193271878198,"['2019-02-15', '2018-02-16']",0,-0.030617380252855854,3
NLSN,0.9915208346757806,"['2019-02-28', '2018-02-08']",0,-0.018637582516723216,-12
NKE,0.9904178357574661,"['2019-07-23', '2018-07-25']",0,-0.02170700901453824,4
NI,0.9294086651437231,"['2019-02-20', '2018-02-20']",0,0.0639641461275586,2
NBL,0.08626099678973516,"['2019-02-19', '2018-02-20']",1,0.4184526213636963,3
JWN,0.9688399431262064,"['2019-03-18', '2018-03-19']",0,-0.010015291200764989,3
NSC,0.9947493025890467,"['2019-02-08', '2018-02-05']",0,0.10588657969121523,-1
NTRS,0.9978901094037762,"['2019-02-26', '2018-02-27']",0,-0.07364173833524068,3
NOC,0.984046036616673,"['2019-01-31', '2018-01-29']",0,-0.03135202901426696,0
NCLH,0.9907025166365333,"['2019-02-27', '2018-02-27']",0,-0.17058136754804298,2
NRG,0.981865490720926,"['2019-02-28', '2018-03-01']",0,0.022761002420091377,3
NUE,0.9894615841360073,"['2019-02-28', '2018-02-28']",0,-0.18311151464639736,2
NVDA,0.9913133108059444,"['2019-02-21', '2018-02-28']",0,-0.08720624167673512,7
ORLY,0.9960363822028531,"['2019-02-27', '2018-02-28']",0,-0.08668856577351818,3
OXY,0.9940497677770735,"['2019-02-21', '2018-02-23']",0,0.13712175762497514,4
OMC,0.9835636412816466,"['2019-02-12', '2018-02-15']",0,0.09253071377704941,5
OKE,0.9915382612141805,"['2019-02-26', '2018-02-27']",0,0.016644402803881395,3
ORCL,0.9883096846162422,"['2019-06-21', '2018-06-22']",0,-0.028765263806639504,3
PCAR,0.996215956580694,"['2019-02-21', '2018-02-21']",0,0.11464664118868115,2
PKG,0.9915418500305121,"['2019-02-28', '2018-02-28']",0,0.11232430202632122,2
PH,0.08049921269027423,"['2019-08-23', '2018-08-24']",1,0.1700527231296935,3
PAYX,0.9816567106843019,"['2019-07-24', '2018-07-20']",0,-0.039822451126305176,0
PYPL,0.987781870197597,"['2019-02-07', '2018-02-07']",0,-0.003849272524525813,2
PNR,0.9823729431864507,"['2019-02-19', '2018-02-27']",0,0.010016417749969225,8
PBCT,0.9977267731978695,"['2019-03-01', '2018-03-01']",0,0.028659657074192515,2
PEP,0.9909473933812819,"['2019-02-15', '2018-02-13']",0,-0.08626954947460426,0
PKI,0.9906533167799246,"['2019-02-26', '2018-02-27']",0,0.06270365388167105,3
PRGO,0.08594639191989459,"['2019-02-27', '2018-03-01']",1,-0.040917329089285005,4
PFE,0.9861402042113313,"['2019-02-28', '2018-02-22']",0,0.09724355079668866,-2
PM,0.9653695801620228,"['2019-02-07', '2018-02-13']",0,0.12700552400810103,6
PSX,0.9842146795534498,"['2019-02-22', '2018-02-23']",0,-0.2953153570457975,3
PNW,0.06922714973171402,"['2019-02-22', '2018-02-23']",1,0.2547096299029464,3
PXD,0.992988705476943,"['2019-02-26', '2018-02-20']",0,0.014086392758561151,-2
PNC,0.9968257301867104,"['2019-03-01', '2018-02-28']",0,0.00394272742592411,1
RL,0.9932990767896371,"['2019-05-16', '2018-05-23']",0,-0.01040800065654513,7
PPL,0.9941164104937169,"['2019-02-14', '2018-02-22']",0,0.047065905740730475,8
PFG,0.9974079568936545,"['2019-02-13', '2018-02-09']",0,-0.07493618424649688,0
PG,1.0000000000000027,"['2019-08-06', '2018-08-07']",0,0.0,3
PGR,0.982006022146111,"['2019-02-27', '2018-02-27']",0,0.084121838446044,2
PLD,0.964741783841916,"['2019-02-13', '2018-02-15']",0,0.2507727853521564,4
PRU,0.9958631295449317,"['2019-02-15', '2018-02-16']",0,0.015284693435186262,3
PEG,0.9930305443560329,"['2019-02-28', '2018-02-26']",0,-0.04049632564465734,0
PSA,0.9919619628468029,"['2019-02-27', '2018-03-01']",0,-0.10700554287579477,4
PHM,0.08127504569609295,"['2019-01-31', '2018-02-07']",1,-0.11733990476570107,7
PVH,0.9939390238445408,"['2019-03-29', '2018-03-30']",0,-0.025517567917764168,3
QRVO,0.9807915040930235,"['2019-05-17', '2018-05-21']",0,-0.06684574161800456,4
QCOM,0.9270093998180472,"['2018-11-07', '2017-11-01']",0,-0.05070943152264019,-2
PWR,0.09051792217360934,"['2019-02-28', '2018-02-28']",1,0.18911266641953614,2
DGX,0.9938461216645363,"['2019-02-21', '2018-02-23']",0,0.002581389301809987,4
RRC,0.9946153260026863,"['2019-02-25', '2018-02-28']",0,0.02616202820681458,5
RJF,0.9945655689676718,"['2018-11-21', '2017-11-22']",0,-0.04500466701869264,3
RTN,0.08316784429795193,"['2019-02-13', '2018-02-14']",1,0.5794889465955787,3
RHT,0.08197658504226678,"['2019-04-24', '2018-04-26']",1,0.17590730808759306,4
REG,0.9939858847281161,"['2019-02-21', '2018-02-27']",0,-0.07633107676587723,6
REGN,0.9826972436394519,"['2019-02-07', '2018-02-08']",0,0.11000378030259352,3
RF,0.9962629558130587,"['2019-02-22', '2018-02-26']",0,0.017536854004764752,4
RSG,0.08994200473002834,"['2019-02-08', '2018-02-09']",1,0.17126758328692904,3
RMD,0.9846656490687622,"['2019-08-08', '2018-08-17']",0,0.10841437400740678,9
RHI,0.9924272857565946,"['2019-02-15', '2018-02-20']",0,-0.008783994112247792,5
ROK,0.9878731088252058,"['2018-11-09', '2017-11-15']",0,0.022702427957612594,6
ROP,0.9575195862982211,"['2019-02-25', '2018-02-23']",0,0.029421231370763953,2
ROST,0.9918300516855831,"['2019-04-02', '2018-04-03']",0,-0.06285878643479385,3
RCL,0.9797707044007777,"['2019-02-22', '2018-02-21']",0,0.05849608762144594,1
SPGI,0.9888126500735096,"['2019-02-13', '2018-02-09']",0,-0.05761340614941996,0
CRM,0.9739960804031335,"['2019-03-08', '2018-03-09']",0,-0.09217643383220067,3
SBAC,0.9960096677501763,"['2019-02-28', '2018-03-01']",0,-0.06263688444837398,3
SLB,0.9918443298718491,"['2019-01-23', '2018-01-24']",0,0.0010949954431284067,3
STX,0.9919925100752082,"['2019-08-02', '2018-08-03']",0,-0.0758529047448961,3
SEE,0.9895414126838227,"['2019-02-19', '2018-02-21']",0,-0.024291068077094625,4
SRE,0.06677030068339523,"['2019-02-26', '2018-02-27']",1,0.5009112636405364,3
SHW,0.9930021355532778,"['2019-02-22', '2018-02-23']",0,0.18987778114447532,3
SPG,0.9949856801961918,"['2019-02-22', '2018-02-23']",0,0.048976556532791524,3
SLG,0.9950224651508552,"['2019-02-27', '2018-02-23']",0,0.03131501522185815,0
SNA,0.9936754584779308,"['2019-02-14', '2018-02-15']",0,0.01099086770992015,3
SO,0.9230561573051712,"['2019-02-20', '2018-02-21']",0,-0.42901465281824547,3
LUV,0.992115306883042,"['2019-02-05', '2018-02-07']",0,0.05687351545865387,4
SWK,0.9932590999672993,"['2019-02-26', '2018-02-27']",0,0.07759821179170229,3
SBUX,0.9862939930021601,"['2018-11-16', '2017-11-17']",0,-0.03699791353366225,3
STT,0.99143717221219,"['2019-02-21', '2018-02-26']",0,-0.11893381369457458,5
SRCL,0.9772888645249299,"['2019-02-28', '2018-02-26']",0,-0.0503595061934263,0
SYK,0.9885529232737598,"['2019-02-07', '2018-02-08']",0,0.031202330619029446,3
STI,0.0849565989833005,"['2019-02-22', '2018-02-23']",1,-0.11671216192000333,3
SIVB,0.9970092778198009,"['2019-02-28', '2018-02-28']",0,0.0043402253328780815,2
SYF,0.9935843329574,"['2019-02-15', '2018-02-22']",0,0.004912222818086727,7
SNPS,0.9865573212424101,"['2018-12-17', '2017-12-14']",0,0.010604077698759717,1
SYY,0.09185713362322744,"['2019-08-26', '2018-08-27']",1,0.007445100546814136,3
TROW,0.9865742830378206,"['2019-02-13', '2018-02-16']",0,-0.028980453888183124,5
TTWO,0.9824684953578802,"['2019-05-14', '2018-05-17']",0,-0.04925672578549405,5
TPR,0.0807003031835503,"['2019-08-15', '2018-08-16']",1,0.09796527696899228,3
TGT,0.9738448327679476,"['2019-03-13', '2018-03-14']",0,-0.08901148970259602,3
TEL,0.9963783626646407,"['2018-11-13', '2017-11-14']",0,0.020117345166730197,3
FTI,0.9898918490614526,"['2019-03-11', '2018-04-02']",0,0.12686780491820546,18
TXN,0.9939543063178897,"['2019-02-22', '2018-02-22']",0,0.015589907203128826,2
TXT,0.9903392720498494,"['2019-02-14', '2018-02-15']",0,0.012229010674876974,3
BK,0.9965185942115835,"['2019-02-27', '2018-02-28']",0,-0.19033437529679237,3
CLX,0.0711328742364391,"['2019-08-14', '2018-08-14']",1,0.05984872190140612,2
COO,0.9867143705487651,"['2018-12-21', '2017-12-22']",0,0.10116224527091384,3
HSY,0.09257122480043115,"['2019-02-22', '2018-02-27']",1,0.15563989189322025,5
MOS,0.9925637369981575,"['2019-03-13', '2018-02-21']",0,0.07068250553946602,-12
TRV,0.9961310590355315,"['2019-02-14', '2018-02-15']",0,0.02631106635200903,3
TMO,0.9960653667760142,"['2019-02-27', '2018-02-28']",0,0.011605340312894397,3
TIF,0.9933682718552302,"['2019-03-22', '2018-03-16']",0,0.04468842166658793,-2
TJX,0.983916112708103,"['2019-04-03', '2018-04-04']",0,-0.0312189579575604,3
TSCO,0.9913542636291731,"['2019-02-21', '2018-02-22']",0,-0.0007401814080274688,3
TDG,0.9925729937754424,"['2018-11-09', '2017-11-13']",0,0.055998898875235584,4
TRIP,0.9877295883030183,"['2019-02-22', '2018-02-21']",0,-0.10092096745675962,1
TSN,0.9902747445756906,"['2018-11-13', '2017-11-13']",0,0.15427047096394708,2
USB,0.9765868494159494,"['2019-02-22', '2018-02-22']",0,-0.07558353152377076,2
UDR,0.9957967210502985,"['2019-02-19', '2018-02-20']",0,-0.0361559225827698,3
ULTA,0.9894478383183568,"['2019-04-02', '2018-04-03']",0,-0.08867413051996394,3
UAA,0.081980714034466,"['2019-02-25', '2018-02-28']",1,0.2719142268453067,5
UA,0.081980714034466,"['2019-02-25', '2018-02-28']",1,0.2719142268453067,5
UNP,0.9898520583293634,"['2019-02-08', '2018-02-09']",0,0.04304798223080413,3
UAL,0.985568914329858,"['2019-02-28', '2018-02-22']",0,-0.10896764149502736,-2
UNH,0.9979006327353331,"['2019-02-12', '2018-02-13']",0,0.012354954142401505,3
UPS,0.98897465231972,"['2019-02-21', '2018-02-21']",0,0.04294563757316734,2
URI,0.0806213892555858,"['2019-01-23', '2018-01-24']",1,-0.03738653308125568,3
UHS,0.996138065868498,"['2019-02-27', '2018-02-28']",0,-0.07436935958531699,3
UNM,0.9969102852885023,"['2019-02-19', '2018-02-21']",0,-0.03954490078917736,4
VLO,0.9924344814894971,"['2019-02-28', '2018-02-28']",0,0.1578226240397024,2
VAR,0.9853220558401865,"['2018-11-26', '2017-11-27']",0,0.0788240988746254,3
VTR,0.06383773636495428,"['2019-02-08', '2018-02-09']",1,0.0955421988389001,3
VRSN,0.9887025647208328,"['2019-02-15', '2018-02-16']",0,0.029653166130407593,3
VRSK,0.9860180330202588,"['2019-02-19', '2018-02-20']",0,0.09113850628070297,3
VZ,0.9896760528699134,"['2019-02-15', '2018-02-23']",0,0.0916481444037549,8
VRTX,0.985377660682961,"['2019-02-13', '2018-02-15']",0,0.0780038976007127,4
VIAB,0.9904317643341697,"['2018-11-16', '2017-11-16']",0,0.06521609218606354,2
V,0.9918392179818329,"['2018-11-16', '2017-11-17']",0,0.03675473460516517,3
VNO,0.992821039530171,"['2019-02-11', '2018-02-12']",0,0.06985787927584584,3
VMC,0.9912011877708362,"['2019-02-26', '2018-02-27']",0,-0.030823716935150073,3
WMT,0.9892402019779116,"['2019-03-28', '2018-03-30']",0,-0.04439454548752288,4
WBA,0.9799963702986519,"['2018-10-11', '2017-10-25']",0,-0.01671822114365582,12
WM,0.9936933518255234,"['2019-02-14', '2018-02-15']",0,-0.10430197388061635,3
WEC,0.9902764319857996,"['2019-02-26', '2018-02-28']",0,-0.020627031694090893,4
WFC,0.973207606259915,"['2019-02-27', '2018-03-01']",0,0.07706033756160839,4
WELL,0.08932688967897875,"['2019-02-25', '2018-02-28']",1,-0.04682719243941456,5
WDC,0.09846960002727058,"['2019-08-27', '2018-08-24']",1,0.38432340507753066,1
WU,0.9958536675325136,"['2019-02-21', '2018-02-22']",0,-0.03417845037667743,3
WY,0.9882486456644096,"['2019-02-15', '2018-02-16']",0,-0.14134547050323404,3
WHR,0.9846551035516137,"['2019-02-12', '2018-02-13']",0,0.03931558346591979,3
WMB,0.9829691476569224,"['2019-02-21', '2018-02-22']",0,-0.007165068165908724,3
WYNN,0.9896486534298213,"['2019-02-28', '2018-02-28']",0,-0.05802307561732578,2
XEL,0.9792253420167594,"['2019-02-22', '2018-02-23']",0,0.11034194747267814,3
XLNX,0.9888327656050806,"['2019-05-10', '2018-05-15']",0,0.04532333063349306,5
XYL,1.0000000000000027,"['2019-02-22', '2018-02-23']",0,0.0,3
YUM,1.0000000000000027,"['2019-02-21', '2018-02-22']",0,0.0,3
ZBH,0.9845409921936548,"['2019-02-26', '2018-02-27']",0,-0.1299939797974466,3
ZION,0.9101638144036479,"['2019-02-26', '2018-03-01']",0,0.1577956645100439,5
ZTS,0.9914737478455768,"['2019-02-14', '2018-02-15']",0,-0.004873601469100052,3
0001067983,0.9934410582091976,"['2019-02-25', '2018-02-26']",0,0.05691381460996778,3
0000014693,0.9912869726793528,"['2019-06-13', '2018-06-13']",0,0.009332846838514425,2
